x,y,title,xlabel,ylabel
4609295773.55493,1.02743535990157E-006,title,xlabel,ylabel
4609859153.83099,1.38853908993042E-006,,,
4610140843.96901,1.68710585057852E-006,,,
4610422534.10704,1.87641865068144E-006,,,
4610704224.24507,2.18869695345347E-006,,,
4610985914.3831,2.53972984864959E-006,,,
4611267604.52113,2.76495802609134E-006,,,
4611549294.65915,3.25903261000349E-006,,,
4611830984.79718,3.93457003156072E-006,,,
4612112674.93521,4.20716514781816E-006,,,
4612394365.07324,5.33294178239885E-006,,,
4612676055.21127,6.08814980296302E-006,,,
4612957745.3493,7.70465339883231E-006,,,
4613239435.48732,8.70148414833238E-006,,,
4613521125.62535,1.3470806152327E-005,,,
4613802815.76338,1.45798176163225E-005,,,
4614366196.03944,1.44499654197716E-005,,,
4614647886.17746,1.27885987240006E-005,,,
4614929576.31549,1.2680059626291E-005,,,
4615211266.45352,1.06326342574903E-005,,,
4615492956.59155,8.45892645884305E-006,,,
4615774646.72958,8.38800860947231E-006,,,
4616056336.86761,7.03360501574934E-006,,,
4616338027.00563,5.61002480026218E-006,,,
4616619717.14366,4.81315964862006E-006,,,
4616901407.28169,4.35696892964188E-006,,,
4617183097.41972,3.72435943063465E-006,,,
4617464787.55775,3.2272700991598E-006,,,
4617746477.69578,2.84435168396158E-006,,,
4618028167.8338,2.51875258072687E-006,,,
4618309857.97183,2.09108702620142E-006,,,
4618591548.10986,1.78228253844281E-006,,,



